,age,let-introduced,lettice,church-introduced,spelling-relief,friends-introduced,perry,parents,status,month,jerome,spelling,english,barrons,world,latin-study,hairdresser,barron-crisis,housework,poverty,child-led,projects,assessments,motivation,william,tyler,highest-win,previous-missed,dinner,newslettering,pedagogue,gerbil-studied,doll,visiting,sara,lessons,birthdaying,lettice-monster,bookstore,topeng-defined,barrons-card,greekletters,threats-useless,epilogued,minestrone,photosynthesis,william-intervention,warned,cyan,hyalithe,psitta,not-talking,materials-studied,copy-error,cosmetics-studied,wednesday-done,lectern,art-words,isgreek,isindonesian,isspanish,ishungarian,genius,jerome-texted,hawaiian,format-change,collage-ready,coupons-offered
053_data.txt,11.0,1.0,13.0,1.0,16.0,1.0,3.0,5.0,5.0,26.0,6.0,43.0,4.0,6.0,2.0,2.0,45.0,3.0,1.0,11.0,2.0,1.0,1.0,1.0,1.0,1.0,1.0,2.0,1.0,-1.0,1.0,1.0,1.0,1.0,2.0,1.0,1.0,1.0,1.0,1.0,1.0,1.0,1.0,1.0,,,,,,,,,,,,,,,,,,,,,,,,
012_data.txt,10.0,1.0,-2.0,1.0,8.0,1.0,1.0,4.0,8.0,27.0,4.0,36.0,3.0,4.0,5.0,2.0,,3.0,1.0,2.0,2.0,,,2.0,1.0,1.0,4.0,1.0,1.0,2.0,,1.0,1.0,,1.0,1.0,1.0,,,,,1.0,,1.0,1.0,1.0,1.0,1.0,0.0,0.0,0.0,1.0,1.0,1.0,1.0,1.0,,,,,,,,,,,,
039_data.txt,11.0,1.0,1.0,1.0,14.0,1.0,2.0,4.0,5.0,27.0,2.0,48.0,3.0,5.0,7.0,1.0,,3.0,1.0,6.0,2.0,,,0.0,1.0,1.0,4.0,2.0,1.0,2.0,,1.0,1.0,,2.0,1.0,,1.0,1.0,2.0,,1.0,,1.0,,,1.0,,0.0,0.0,0.0,1.0,1.0,1.0,1.0,,1.0,2.0,2.0,2.0,,,,,,,,
092_data.txt,11.0,1.0,1.0,1.0,13.0,1.0,4.0,3.0,3.0,27.0,6.0,56.0,4.0,5.0,3.0,1.0,50.0,3.0,1.0,14.0,2.0,,,0.0,1.0,,4.0,2.0,1.0,-1.0,1.0,1.0,1.0,1.0,2.0,1.0,1.0,1.0,1.0,,1.0,1.0,,1.0,1.0,1.0,,,,,,,1.0,1.0,1.0,1.0,,2.0,1.0,,1.0,2.0,,,,,,
018_data.txt,10.0,1.0,-1.0,1.0,12.0,1.0,2.0,2.0,8.0,27.0,2.0,41.0,4.0,5.0,5.0,1.0,45.0,3.0,1.0,4.0,2.0,1.0,,2.0,1.0,1.0,4.0,2.0,1.0,2.0,,1.0,1.0,,2.0,1.0,,1.0,1.0,,,1.0,,1.0,1.0,1.0,,,,,,,1.0,1.0,,1.0,,2.0,1.0,,1.0,,,,,,,
037_data.txt,11.0,1.0,-7.0,1.0,12.0,1.0,1.0,5.0,6.0,27.0,3.0,57.0,4.0,6.0,3.0,2.0,45.0,3.0,1.0,5.0,2.0,,,2.0,1.0,1.0,4.0,2.0,1.0,2.0,,,1.0,,3.0,1.0,,1.0,1.0,,,1.0,,1.0,1.0,1.0,1.0,,0.0,0.0,0.0,2.0,,1.0,1.0,2.0,,1.0,1.0,,1.0,,,,,,,
023_data.txt,11.0,1.0,2.0,1.0,7.0,1.0,1.0,1.0,9.0,27.0,8.0,53.0,4.0,5.0,5.0,1.0,50.0,2.0,1.0,6.0,2.0,1.0,1.0,1.0,1.0,1.0,4.0,2.0,1.0,-1.0,1.0,1.0,1.0,1.0,2.0,1.0,1.0,,1.0,,,,,1.0,1.0,,1.0,1.0,0.0,0.0,0.0,,1.0,1.0,1.0,1.0,1.0,2.0,1.0,,,,1.0,1.0,1.0,,,
040_data.txt,12.0,1.0,-8.0,1.0,18.0,1.0,2.0,-1.0,10.0,29.0,4.0,60.0,4.0,7.0,3.0,2.0,4.0,3.0,1.0,15.0,2.0,,,1.0,1.0,1.0,1.0,2.0,1.0,-1.0,1.0,1.0,1.0,1.0,2.0,1.0,1.0,1.0,1.0,,1.0,1.0,,1.0,1.0,,,,,,,,,1.0,1.0,1.0,,2.0,,1.0,,,,,1.0,1.0,,
027_data.txt,11.0,1.0,14.0,1.0,11.0,1.0,2.0,3.0,8.0,27.0,4.0,39.0,4.0,5.0,3.0,2.0,30.0,3.0,1.0,5.0,2.0,,,2.0,1.0,1.0,4.0,2.0,1.0,-1.0,1.0,,1.0,1.0,2.0,1.0,,1.0,1.0,,,1.0,1.0,1.0,,,1.0,,0.0,0.0,0.0,,1.0,,,2.0,,2.0,,,,,,,,1.0,,
041_data.txt,10.0,1.0,-2.0,1.0,6.0,1.0,2.0,2.0,5.0,29.0,4.0,24.0,4.0,7.0,2.0,1.0,50.0,3.0,1.0,12.0,2.0,,,1.0,1.0,1.0,2.0,1.0,1.0,2.0,,,1.0,1.0,2.0,,,1.0,,,1.0,1.0,,1.0,,1.0,,,,,,,,1.0,,,1.0,,1.0,,,,,,,,,
085_data.txt,11.0,1.0,-2.0,1.0,17.0,1.0,4.0,1.0,5.0,29.0,5.0,51.0,4.0,2.0,3.0,2.0,,1.0,1.0,13.0,2.0,,,2.0,,,3.0,1.0,1.0,2.0,,1.0,1.0,1.0,2.0,,1.0,1.0,1.0,,,,,1.0,1.0,1.0,,1.0,,,,,1.0,1.0,1.0,1.0,,1.0,,,,,,,,,,
090_data.txt,11.0,1.0,-1.0,1.0,15.0,1.0,2.0,1.0,6.0,29.0,4.0,36.0,4.0,6.0,4.0,,50.0,3.0,1.0,13.0,2.0,,,2.0,1.0,1.0,1.0,2.0,1.0,2.0,,,1.0,1.0,2.0,1.0,,,1.0,,1.0,1.0,,1.0,1.0,1.0,1.0,1.0,0.0,0.0,0.0,,,1.0,1.0,2.0,,2.0,1.0,,,,,,1.0,,,
060_data.txt,12.0,1.0,-2.0,1.0,24.0,1.0,1.0,0.0,6.0,27.0,4.0,63.0,4.0,5.0,3.0,2.0,30.0,3.0,1.0,4.0,2.0,,,2.0,1.0,1.0,4.0,2.0,1.0,2.0,,1.0,1.0,1.0,3.0,1.0,,1.0,1.0,,,1.0,,1.0,1.0,1.0,,,,,,,,1.0,1.0,2.0,,2.0,,2.0,,,,,1.0,,,
019_data.txt,11.0,1.0,-8.0,1.0,12.0,1.0,4.0,1.0,14.0,27.0,5.0,57.0,4.0,4.0,4.0,2.0,50.0,2.0,,6.0,2.0,1.0,1.0,2.0,1.0,1.0,4.0,2.0,1.0,2.0,,,1.0,1.0,3.0,1.0,1.0,1.0,1.0,,,,,1.0,1.0,,1.0,,0.0,0.0,0.0,,1.0,1.0,1.0,2.0,1.0,1.0,,,,,,,1.0,,,
080_data.txt,10.0,1.0,11.0,1.0,9.0,1.0,1.0,3.0,8.0,26.0,3.0,26.0,4.0,4.0,6.0,2.0,50.0,3.0,1.0,6.0,2.0,,,1.0,1.0,,1.0,1.0,1.0,-1.0,1.0,1.0,,,2.0,,,,,,,,1.0,1.0,,,1.0,,0.0,0.0,0.0,,,1.0,,2.0,1.0,,,,,,,,,,,
067_data.txt,11.0,1.0,-1.0,1.0,10.0,1.0,3.0,2.0,5.0,27.0,5.0,43.0,4.0,6.0,4.0,1.0,45.0,3.0,1.0,7.0,2.0,,,1.0,1.0,1.0,4.0,2.0,1.0,2.0,,1.0,1.0,1.0,2.0,1.0,1.0,,1.0,,1.0,1.0,,1.0,1.0,,1.0,1.0,0.0,0.0,0.0,,1.0,1.0,1.0,2.0,1.0,1.0,3.0,,1.0,,,,1.0,,,
049_data.txt,12.0,1.0,3.0,1.0,17.0,1.0,2.0,-3.0,4.0,29.0,4.0,49.0,4.0,9.0,4.0,1.0,45.0,3.0,1.0,13.0,2.0,,,2.0,1.0,1.0,3.0,2.0,1.0,2.0,,1.0,1.0,1.0,2.0,1.0,1.0,1.0,1.0,1.0,1.0,,,1.0,1.0,1.0,,,,,,,1.0,1.0,,2.0,,2.0,,,,1.0,,,,,,
099_data.txt,9.0,1.0,0.0,1.0,8.0,1.0,1.0,2.0,5.0,29.0,2.0,21.0,4.0,2.0,1.0,1.0,,1.0,,14.0,2.0,,,0.0,,,1.0,2.0,1.0,3.0,1.0,,1.0,,2.0,,,,,,,,,1.0,,1.0,,,,,,,,1.0,,1.0,1.0,,,,,,,,,,,
043_data.txt,11.0,1.0,-2.0,1.0,7.0,1.0,5.0,-1.0,6.0,27.0,7.0,63.0,4.0,3.0,4.0,2.0,,1.0,1.0,4.0,2.0,,,0.0,,,4.0,2.0,1.0,-1.0,1.0,1.0,1.0,1.0,2.0,1.0,1.0,1.0,1.0,,,1.0,,1.0,,1.0,,,,,,,1.0,,1.0,2.0,,1.0,,,1.0,3.0,,1.0,1.0,3.0,,
076_data.txt,11.0,1.0,-4.0,1.0,14.0,1.0,2.0,0.0,8.0,29.0,4.0,38.0,4.0,7.0,4.0,2.0,50.0,3.0,1.0,12.0,2.0,,,2.0,1.0,1.0,3.0,2.0,1.0,-1.0,1.0,1.0,1.0,1.0,2.0,1.0,1.0,1.0,1.0,,1.0,,,1.0,1.0,1.0,1.0,1.0,,,,,1.0,,,1.0,,1.0,2.0,,,,,,,,,
086_data.txt,9.0,1.0,0.0,1.0,10.0,1.0,2.0,11.0,7.0,30.0,1.0,19.0,3.0,2.0,4.0,1.0,,1.0,1.0,4.0,,,,2.0,1.0,,1.0,2.0,1.0,2.0,,,1.0,,1.0,,,1.0,,,,,,1.0,,1.0,1.0,1.0,,,,,1.0,1.0,,,,,2.0,,,,,,,,,
068_data.txt,10.0,1.0,-3.0,1.0,12.0,1.0,2.0,11.0,6.0,30.0,5.0,34.0,1.0,3.0,1.0,2.0,,1.0,1.0,4.0,2.0,1.0,1.0,2.0,1.0,1.0,1.0,2.0,1.0,2.0,,1.0,1.0,,,,,1.0,,,,,,1.0,,1.0,1.0,,0.0,0.0,0.0,2.0,1.0,1.0,1.0,2.0,1.0,,4.0,,,,,,,,,
056_data.txt,10.0,1.0,0.0,1.0,8.0,1.0,4.0,0.0,3.0,27.0,3.0,47.0,4.0,1.0,4.0,2.0,,1.0,,5.0,2.0,1.0,1.0,1.0,,,4.0,1.0,1.0,2.0,,1.0,1.0,,3.0,1.0,1.0,1.0,1.0,1.0,,,,1.0,,1.0,,,,,,,1.0,1.0,1.0,,,1.0,,4.0,,1.0,1.0,,1.0,,,
003_data.txt,10.0,1.0,14.0,1.0,8.0,1.0,3.0,4.0,7.0,26.0,5.0,29.0,4.0,5.0,3.0,1.0,45.0,3.0,1.0,6.0,2.0,1.0,1.0,1.0,1.0,1.0,1.0,2.0,1.0,2.0,,1.0,1.0,1.0,2.0,1.0,,,,,,,1.0,1.0,,1.0,1.0,1.0,0.0,0.0,0.0,,,1.0,1.0,2.0,1.0,2.0,,,,,,,,,,
077_data.txt,9.0,1.0,15.0,1.0,4.0,1.0,1.0,-1.0,0.0,26.0,,16.0,4.0,,2.0,,,,,3.0,,,,2.0,,,,1.0,1.0,1.0,1.0,,,,2.0,,,,,,,,1.0,1.0,1.0,,,,,,,,1.0,,,,1.0,,,,,,,,,,,
004_data.txt,10.0,1.0,1.0,1.0,13.0,1.0,2.0,2.0,7.0,27.0,3.0,40.0,4.0,5.0,4.0,,,3.0,1.0,12.0,,,,2.0,1.0,1.0,4.0,2.0,1.0,2.0,,1.0,1.0,,2.0,1.0,1.0,,,,,,,1.0,1.0,1.0,,,,,,,1.0,1.0,1.0,2.0,,1.0,,,1.0,,,,,,1.0,
054_data.txt,11.0,1.0,1.0,1.0,14.0,1.0,5.0,1.0,4.0,27.0,4.0,58.0,4.0,7.0,4.0,2.0,4.0,3.0,1.0,8.0,2.0,,,1.0,1.0,1.0,4.0,2.0,1.0,2.0,,1.0,1.0,1.0,2.0,1.0,1.0,,1.0,,,1.0,,1.0,,,,1.0,,,,,1.0,1.0,1.0,,,,1.0,,,,,,1.0,,,
015_data.txt,12.0,1.0,-4.0,1.0,13.0,1.0,3.0,1.0,6.0,27.0,7.0,65.0,4.0,6.0,3.0,2.0,45.0,3.0,1.0,5.0,2.0,1.0,,2.0,1.0,1.0,4.0,2.0,1.0,-1.0,1.0,1.0,1.0,1.0,2.0,1.0,1.0,1.0,1.0,3.0,,1.0,,1.0,,1.0,,,,,,,1.0,1.0,1.0,1.0,1.0,2.0,,4.0,,,1.0,2.0,,,,
006_data.txt,11.0,1.0,-2.0,1.0,17.0,1.0,1.0,3.0,3.0,27.0,4.0,58.0,4.0,6.0,4.0,2.0,,3.0,1.0,12.0,2.0,,,1.0,1.0,1.0,4.0,2.0,1.0,2.0,,1.0,1.0,1.0,2.0,1.0,1.0,,1.0,1.0,,1.0,,1.0,,1.0,,,,,,,,1.0,1.0,1.0,,2.0,,,,1.0,,,,,1.0,
007_data.txt,11.0,1.0,-1.0,1.0,14.0,1.0,1.0,4.0,5.0,29.0,4.0,30.0,4.0,5.0,3.0,,30.0,3.0,1.0,12.0,2.0,,,2.0,1.0,1.0,2.0,2.0,1.0,-1.0,1.0,1.0,1.0,1.0,2.0,1.0,,,1.0,,,1.0,,1.0,,1.0,1.0,,0.0,0.0,0.0,1.0,1.0,,,1.0,1.0,2.0,1.0,,,,,,,1.0,,
091_data.txt,11.0,1.0,4.0,1.0,15.0,1.0,2.0,5.0,2.0,29.0,4.0,40.0,4.0,5.0,2.0,1.0,50.0,3.0,1.0,15.0,2.0,,,1.0,1.0,,1.0,2.0,1.0,2.0,,1.0,1.0,1.0,2.0,,,1.0,1.0,,1.0,1.0,,1.0,,,1.0,,,,,,,1.0,,2.0,1.0,2.0,4.0,,,,,,,,,
028_data.txt,10.0,1.0,-4.0,1.0,8.0,1.0,4.0,2.0,2.0,27.0,7.0,54.0,4.0,2.0,3.0,2.0,,1.0,1.0,3.0,2.0,,,1.0,,,4.0,2.0,1.0,2.0,,1.0,1.0,1.0,2.0,1.0,1.0,1.0,,,,,,1.0,1.0,,,,,,,,1.0,1.0,1.0,2.0,1.0,1.0,1.0,,1.0,2.0,,,1.0,,,
016_data.txt,9.0,1.0,-2.0,1.0,5.0,1.0,2.0,11.0,5.0,30.0,2.0,10.0,1.0,1.0,4.0,,,1.0,,3.0,,,,1.0,1.0,,1.0,,1.0,4.0,1.0,,,,,,,,,,,,,1.0,1.0,1.0,1.0,1.0,,,,,1.0,1.0,,,,1.0,,,,,,,,,1.0,1.0
017_data.txt,10.0,1.0,-2.0,1.0,7.0,1.0,4.0,-5.0,6.0,29.0,2.0,24.0,3.0,5.0,4.0,,45.0,3.0,1.0,12.0,,,,2.0,1.0,1.0,1.0,2.0,1.0,-1.0,1.0,,1.0,,1.0,1.0,,,1.0,,,1.0,,1.0,,1.0,1.0,1.0,0.0,0.0,0.0,,,,,1.0,,,,,,,,,,1.0,,
079_data.txt,10.0,1.0,-6.0,1.0,12.0,1.0,3.0,2.0,4.0,27.0,6.0,42.0,3.0,2.0,3.0,2.0,,1.0,1.0,4.0,2.0,,,2.0,1.0,,4.0,2.0,1.0,2.0,,,1.0,1.0,1.0,,1.0,1.0,1.0,2.0,,,,1.0,,,1.0,,0.0,0.0,0.0,1.0,,1.0,1.0,1.0,,2.0,,1.0,,,,,1.0,,,
061_data.txt,12.0,1.0,18.0,1.0,16.0,1.0,4.0,0.0,10.0,26.0,4.0,51.0,4.0,6.0,2.0,2.0,30.0,3.0,1.0,8.0,2.0,,,1.0,1.0,1.0,1.0,2.0,1.0,2.0,,1.0,1.0,1.0,3.0,1.0,1.0,1.0,1.0,1.0,1.0,1.0,1.0,1.0,1.0,,1.0,,0.0,0.0,0.0,1.0,,1.0,1.0,,1.0,2.0,1.0,,,,,,,,,
046_data.txt,13.0,1.0,-1.0,1.0,17.0,1.0,3.0,11.0,0.0,30.0,4.0,71.0,4.0,5.0,4.0,2.0,4.0,3.0,1.0,6.0,2.0,,,2.0,1.0,1.0,1.0,2.0,1.0,2.0,,1.0,1.0,1.0,3.0,1.0,,1.0,1.0,,,,,1.0,1.0,,1.0,,0.0,0.0,0.0,,1.0,1.0,1.0,2.0,,2.0,,,,,,,,,,
078_data.txt,10.0,1.0,-2.0,1.0,11.0,1.0,4.0,1.0,5.0,29.0,3.0,43.0,4.0,6.0,3.0,2.0,,3.0,1.0,13.0,2.0,1.0,,2.0,1.0,1.0,2.0,2.0,1.0,1.0,,,1.0,,2.0,1.0,1.0,1.0,1.0,,1.0,,,1.0,,1.0,,,,,,,,,1.0,1.0,1.0,2.0,,,1.0,,,,,,,
096_data.txt,11.0,1.0,-2.0,1.0,12.0,1.0,4.0,-7.0,7.0,27.0,5.0,47.0,4.0,2.0,4.0,2.0,,1.0,1.0,4.0,2.0,1.0,,1.0,,,4.0,2.0,1.0,2.0,,1.0,1.0,1.0,2.0,1.0,1.0,1.0,1.0,,,1.0,,1.0,1.0,,,,,,,,,1.0,1.0,1.0,,2.0,1.0,,,2.0,1.0,,,,,
094_data.txt,9.0,1.0,-4.0,1.0,6.0,1.0,4.0,0.0,6.0,29.0,,20.0,3.0,4.0,5.0,1.0,4.0,1.0,1.0,12.0,,,,2.0,,,,,1.0,3.0,1.0,,,,1.0,,,,,,1.0,,,1.0,,,,1.0,,,,,,,,1.0,1.0,,,,,,,,,,,
063_data.txt,10.0,1.0,-1.0,1.0,12.0,1.0,3.0,-7.0,4.0,27.0,4.0,48.0,4.0,2.0,4.0,2.0,,1.0,1.0,4.0,2.0,,,1.0,,,4.0,,1.0,-1.0,1.0,,1.0,1.0,2.0,,1.0,,1.0,,,1.0,,1.0,,1.0,,,,,,,,1.0,,1.0,,,,,,1.0,,,1.0,,,
072_data.txt,10.0,1.0,-1.0,1.0,8.0,1.0,3.0,0.0,4.0,27.0,3.0,50.0,4.0,3.0,4.0,2.0,50.0,,1.0,5.0,,,,2.0,,,4.0,1.0,1.0,2.0,,,1.0,,2.0,,1.0,,1.0,,,,,1.0,1.0,,,,,,,,1.0,1.0,,1.0,1.0,1.0,2.0,,,,,,1.0,,,
044_data.txt,10.0,1.0,-3.0,1.0,9.0,1.0,2.0,1.0,2.0,27.0,6.0,45.0,4.0,2.0,4.0,2.0,,1.0,1.0,5.0,2.0,1.0,1.0,2.0,,,4.0,2.0,1.0,2.0,,,1.0,1.0,2.0,1.0,1.0,1.0,1.0,2.0,,1.0,,1.0,,1.0,,1.0,,,,,1.0,1.0,,1.0,,,,6.0,,3.0,1.0,1.0,,,,
032_data.txt,9.0,1.0,14.0,1.0,7.0,1.0,2.0,5.0,2.0,26.0,3.0,23.0,3.0,,4.0,1.0,,,,2.0,2.0,,,2.0,,,1.0,2.0,,1.0,,,1.0,,1.0,,,,,,,,1.0,1.0,,1.0,,,0.0,0.0,0.0,1.0,1.0,,1.0,1.0,1.0,1.0,,,,,,,,,,
047_data.txt,9.0,1.0,13.0,1.0,7.0,1.0,1.0,-1.0,3.0,26.0,2.0,11.0,3.0,,2.0,,,,,1.0,2.0,1.0,,2.0,,,,2.0,1.0,,,1.0,,,1.0,,,,,,,,1.0,1.0,1.0,,,1.0,,,,,,,,,,,2.0,,,,,,,,,
020_data.txt,10.0,1.0,-1.0,1.0,9.0,1.0,4.0,4.0,1.0,29.0,1.0,35.0,3.0,6.0,4.0,1.0,45.0,3.0,1.0,13.0,,,,1.0,1.0,1.0,1.0,2.0,1.0,2.0,,1.0,1.0,,2.0,,,,1.0,,,,,1.0,,1.0,,,,,,,1.0,1.0,1.0,1.0,,1.0,1.0,,,,,,1.0,,,
081_data.txt,10.0,1.0,-3.0,1.0,8.0,1.0,1.0,1.0,6.0,27.0,4.0,36.0,4.0,3.0,3.0,1.0,,,1.0,3.0,2.0,,,2.0,1.0,1.0,4.0,2.0,1.0,2.0,,1.0,1.0,,3.0,,1.0,1.0,1.0,,,,,1.0,1.0,,1.0,,,,,,1.0,1.0,1.0,1.0,1.0,1.0,,,1.0,,,,,,,
002_data.txt,11.0,1.0,-4.0,1.0,13.0,1.0,3.0,0.0,7.0,27.0,2.0,39.0,4.0,4.0,4.0,2.0,,3.0,1.0,3.0,2.0,,,1.0,1.0,,4.0,2.0,1.0,2.0,,,1.0,,2.0,1.0,,1.0,1.0,,,,,1.0,1.0,1.0,,,,,,,,1.0,,2.0,,2.0,,,1.0,,,,,,,
010_data.txt,12.0,1.0,-1.0,1.0,15.0,1.0,1.0,4.0,5.0,27.0,4.0,77.0,4.0,6.0,4.0,2.0,30.0,3.0,1.0,7.0,2.0,,,0.0,1.0,1.0,4.0,2.0,1.0,2.0,,1.0,1.0,1.0,3.0,,1.0,1.0,1.0,,1.0,1.0,,1.0,1.0,,1.0,,0.0,0.0,0.0,1.0,1.0,1.0,1.0,2.0,1.0,2.0,,,,8.0,,,,,,
057_data.txt,10.0,1.0,3.0,1.0,14.0,1.0,1.0,5.0,2.0,29.0,5.0,40.0,,5.0,3.0,2.0,30.0,1.0,1.0,14.0,2.0,,,1.0,1.0,1.0,2.0,1.0,1.0,2.0,,1.0,1.0,1.0,,1.0,,1.0,,,1.0,1.0,,1.0,,,1.0,,0.0,0.0,0.0,,1.0,1.0,1.0,,,2.0,,,,,,,,,1.0,2.0
048_data.txt,10.0,1.0,1.0,1.0,8.0,1.0,2.0,2.0,5.0,29.0,,23.0,4.0,4.0,3.0,2.0,50.0,3.0,1.0,15.0,,,,1.0,1.0,,2.0,1.0,1.0,-1.0,1.0,,1.0,,2.0,,,1.0,,,,,,1.0,1.0,,1.0,1.0,0.0,0.0,0.0,3.0,1.0,1.0,1.0,1.0,1.0,1.0,,,,,,,,1.0,1.0,
088_data.txt,11.0,1.0,0.0,1.0,11.0,1.0,1.0,-7.0,6.0,27.0,5.0,61.0,4.0,2.0,3.0,2.0,,1.0,1.0,13.0,2.0,,1.0,0.0,,,4.0,2.0,1.0,2.0,,,1.0,1.0,2.0,1.0,1.0,1.0,1.0,2.0,,1.0,,1.0,1.0,1.0,,,,,,,1.0,1.0,,,,2.0,1.0,3.0,,,1.0,,1.0,,,
069_data.txt,11.0,1.0,0.0,1.0,13.0,1.0,2.0,2.0,9.0,27.0,5.0,65.0,4.0,4.0,4.0,2.0,,3.0,1.0,6.0,,,,2.0,1.0,1.0,4.0,2.0,1.0,2.0,,1.0,1.0,1.0,2.0,1.0,1.0,1.0,1.0,6.0,,1.0,,1.0,1.0,1.0,1.0,,,,,,1.0,1.0,1.0,,,1.0,,2.0,,1.0,,,1.0,,,
064_data.txt,9.0,1.0,20.0,1.0,7.0,1.0,1.0,3.0,3.0,26.0,1.0,11.0,4.0,2.0,4.0,,,,,1.0,,,,2.0,,,,1.0,1.0,,,,,,2.0,,,1.0,,,,,1.0,1.0,1.0,1.0,,1.0,,,,,,,,1.0,,,,,,,,,1.0,,,
045_data.txt,11.0,1.0,-2.0,1.0,11.0,1.0,2.0,5.0,5.0,29.0,5.0,48.0,1.0,7.0,4.0,2.0,4.0,2.0,1.0,12.0,2.0,1.0,,0.0,1.0,1.0,1.0,2.0,1.0,1.0,,1.0,1.0,1.0,,1.0,1.0,1.0,1.0,,1.0,1.0,,1.0,,,1.0,,,,,,1.0,,1.0,2.0,1.0,,,,,,,,1.0,,,
055_data.txt,9.0,1.0,16.0,1.0,6.0,1.0,1.0,6.0,2.0,26.0,1.0,21.0,1.0,3.0,4.0,,,1.0,1.0,1.0,,,,2.0,1.0,,,1.0,1.0,,,1.0,,,,,,,,,,1.0,1.0,1.0,,1.0,1.0,,,,,,,,,,1.0,1.0,,,,,,,,,,
074_data.txt,11.0,1.0,-5.0,1.0,16.0,1.0,4.0,4.0,6.0,29.0,2.0,34.0,4.0,6.0,4.0,,30.0,3.0,1.0,12.0,2.0,,,2.0,1.0,1.0,3.0,2.0,1.0,2.0,,1.0,1.0,,2.0,1.0,,,1.0,3.0,1.0,,,1.0,1.0,,,1.0,,,,,1.0,1.0,1.0,2.0,,1.0,,5.0,,1.0,,,,,,
084_data.txt,10.0,1.0,3.0,1.0,7.0,1.0,4.0,1.0,7.0,29.0,4.0,30.0,4.0,4.0,3.0,2.0,4.0,3.0,1.0,15.0,2.0,,,2.0,1.0,,1.0,2.0,1.0,2.0,1.0,,1.0,1.0,2.0,,,,,,,1.0,,1.0,1.0,1.0,,,,,,,,,,1.0,,2.0,,,,,,,1.0,,1.0,
030_data.txt,11.0,1.0,-6.0,1.0,11.0,1.0,4.0,5.0,7.0,29.0,6.0,30.0,4.0,6.0,4.0,,30.0,3.0,1.0,13.0,2.0,,,2.0,1.0,1.0,1.0,2.0,1.0,2.0,,1.0,1.0,1.0,2.0,,1.0,1.0,1.0,,1.0,1.0,,1.0,1.0,,,,,,,,,1.0,1.0,2.0,,2.0,,,,,,,,,,
082_data.txt,9.0,1.0,20.0,1.0,5.0,1.0,3.0,0.0,3.0,26.0,1.0,10.0,,,1.0,1.0,,,,2.0,,,,1.0,,,1.0,1.0,,3.0,1.0,,,,,,,1.0,,,,,1.0,1.0,,1.0,,1.0,,,,,,,,,1.0,,1.0,,,,,,1.0,,,
083_data.txt,10.0,1.0,-2.0,1.0,12.0,1.0,4.0,1.0,3.0,29.0,3.0,36.0,4.0,1.0,4.0,2.0,,1.0,,12.0,2.0,,,1.0,1.0,,2.0,2.0,1.0,1.0,,,1.0,,2.0,1.0,,1.0,1.0,,,1.0,,1.0,1.0,,1.0,,0.0,0.0,0.0,,1.0,,,,1.0,1.0,,,1.0,,,,,,,
029_data.txt,11.0,1.0,-1.0,1.0,9.0,1.0,2.0,2.0,1.0,29.0,5.0,45.0,4.0,5.0,3.0,2.0,,3.0,1.0,12.0,2.0,,,1.0,1.0,1.0,1.0,2.0,1.0,2.0,,,1.0,1.0,2.0,1.0,1.0,1.0,1.0,,,1.0,,1.0,,1.0,1.0,1.0,0.0,0.0,0.0,1.0,1.0,1.0,,1.0,1.0,1.0,,,,,,,1.0,,,
034_data.txt,10.0,1.0,0.0,1.0,10.0,1.0,2.0,0.0,3.0,29.0,2.0,32.0,4.0,5.0,4.0,1.0,4.0,,1.0,12.0,2.0,,,2.0,1.0,1.0,2.0,2.0,1.0,2.0,,,1.0,,2.0,,,,1.0,,1.0,,,1.0,,1.0,1.0,,0.0,0.0,0.0,1.0,,1.0,,1.0,1.0,,2.0,,,,,,,,,
008_data.txt,10.0,1.0,-4.0,1.0,10.0,1.0,4.0,-1.0,3.0,27.0,2.0,41.0,4.0,3.0,5.0,2.0,50.0,,1.0,5.0,2.0,,,1.0,,,4.0,2.0,1.0,2.0,,,1.0,,2.0,,,,1.0,,,1.0,,1.0,1.0,1.0,,,,,,,1.0,1.0,,,,2.0,,,1.0,1.0,,,,,1.0,2.0
005_data.txt,11.0,1.0,3.0,1.0,15.0,1.0,2.0,0.0,4.0,29.0,4.0,30.0,3.0,5.0,4.0,,45.0,1.0,1.0,15.0,,,,1.0,1.0,1.0,2.0,1.0,1.0,-1.0,1.0,,,1.0,1.0,,1.0,1.0,1.0,,,,,1.0,1.0,,1.0,1.0,0.0,0.0,0.0,,1.0,,,2.0,1.0,2.0,,,1.0,,,,,,1.0,
058_data.txt,11.0,1.0,-3.0,1.0,14.0,1.0,1.0,4.0,6.0,29.0,5.0,49.0,4.0,6.0,4.0,2.0,45.0,3.0,1.0,12.0,2.0,,,1.0,1.0,1.0,3.0,2.0,1.0,2.0,,1.0,1.0,1.0,2.0,1.0,1.0,1.0,1.0,,1.0,1.0,,1.0,1.0,,1.0,1.0,0.0,0.0,0.0,,,1.0,1.0,2.0,,2.0,,,1.0,1.0,,,1.0,,,
021_data.txt,9.0,1.0,0.0,1.0,7.0,1.0,1.0,11.0,,30.0,2.0,11.0,3.0,3.0,5.0,,3.0,1.0,1.0,6.0,,,,2.0,1.0,,1.0,2.0,,,,,,,1.0,,,,,,,,,1.0,1.0,,1.0,1.0,0.0,0.0,0.0,1.0,1.0,,,,1.0,,,,,,,,,,,
098_data.txt,11.0,1.0,3.0,1.0,12.0,1.0,2.0,2.0,3.0,29.0,4.0,39.0,4.0,5.0,4.0,,50.0,1.0,1.0,13.0,2.0,,,0.0,1.0,1.0,3.0,2.0,1.0,2.0,,1.0,1.0,1.0,2.0,,1.0,1.0,,,1.0,1.0,,1.0,1.0,,1.0,,0.0,0.0,0.0,,1.0,1.0,1.0,,,1.0,,,1.0,,,,1.0,,,
059_data.txt,10.0,1.0,-1.0,1.0,9.0,1.0,4.0,0.0,6.0,27.0,1.0,42.0,4.0,1.0,4.0,2.0,,,,3.0,,,,1.0,,,4.0,2.0,1.0,2.0,,1.0,1.0,,2.0,,,1.0,1.0,,,1.0,,1.0,,1.0,,,,,,,,1.0,1.0,1.0,,2.0,,,1.0,,,,1.0,,,
095_data.txt,11.0,1.0,0.0,1.0,14.0,1.0,2.0,3.0,6.0,27.0,5.0,51.0,4.0,2.0,2.0,2.0,,1.0,1.0,7.0,2.0,,,2.0,,,4.0,2.0,1.0,-1.0,1.0,1.0,1.0,1.0,2.0,1.0,1.0,1.0,1.0,,,1.0,,1.0,,,,1.0,0.0,0.0,0.0,,1.0,1.0,1.0,2.0,,,,,1.0,2.0,,,1.0,2.0,,
014_data.txt,11.0,1.0,-1.0,1.0,14.0,1.0,5.0,3.0,7.0,27.0,8.0,62.0,4.0,5.0,4.0,2.0,30.0,3.0,1.0,4.0,2.0,,,2.0,1.0,1.0,4.0,2.0,1.0,2.0,,1.0,1.0,1.0,2.0,1.0,1.0,,1.0,,,,,1.0,1.0,,,,,,,,,1.0,1.0,1.0,1.0,2.0,,,,,,1.0,,,,
052_data.txt,12.0,1.0,-6.0,1.0,11.0,1.0,6.0,-1.0,14.0,27.0,4.0,69.0,4.0,5.0,3.0,2.0,50.0,3.0,1.0,7.0,2.0,,,2.0,1.0,1.0,4.0,2.0,1.0,2.0,,1.0,1.0,1.0,2.0,1.0,1.0,1.0,1.0,4.0,,1.0,,1.0,,,1.0,,0.0,0.0,0.0,,1.0,1.0,,,,1.0,,1.0,,,,,1.0,,,
024_data.txt,11.0,1.0,0.0,1.0,11.0,1.0,2.0,7.0,3.0,27.0,5.0,54.0,4.0,3.0,4.0,2.0,,1.0,1.0,4.0,2.0,,,1.0,1.0,1.0,4.0,2.0,1.0,-1.0,1.0,1.0,1.0,1.0,2.0,1.0,1.0,1.0,1.0,,,,,1.0,,1.0,1.0,,0.0,0.0,0.0,,,1.0,,2.0,1.0,2.0,,,,1.0,,,1.0,,,
065_data.txt,10.0,1.0,-1.0,1.0,14.0,1.0,4.0,2.0,6.0,29.0,5.0,31.0,4.0,2.0,4.0,,,1.0,1.0,13.0,2.0,,1.0,2.0,1.0,,2.0,1.0,1.0,2.0,,1.0,1.0,1.0,2.0,,,1.0,,,,,,1.0,,,1.0,,0.0,0.0,0.0,,1.0,1.0,,2.0,,,,,1.0,,1.0,,,,,
062_data.txt,10.0,1.0,-2.0,1.0,12.0,1.0,2.0,-1.0,4.0,27.0,8.0,53.0,4.0,2.0,3.0,2.0,,1.0,1.0,6.0,2.0,,,0.0,,,4.0,2.0,1.0,2.0,,,1.0,1.0,2.0,,1.0,,,,,1.0,,1.0,,1.0,,,,,,,1.0,1.0,1.0,,1.0,2.0,,,,2.0,,1.0,,,1.0,
051_data.txt,10.0,1.0,1.0,1.0,8.0,1.0,2.0,-1.0,5.0,27.0,3.0,45.0,4.0,3.0,2.0,2.0,30.0,1.0,1.0,4.0,2.0,,,1.0,,,4.0,2.0,1.0,-1.0,1.0,1.0,1.0,,2.0,1.0,1.0,1.0,1.0,,,1.0,,1.0,1.0,,,,,,,,1.0,,1.0,1.0,1.0,1.0,1.0,,1.0,,,,,1.0,1.0,
050_data.txt,11.0,1.0,-4.0,1.0,16.0,1.0,3.0,-2.0,7.0,27.0,5.0,58.0,4.0,5.0,4.0,2.0,45.0,3.0,1.0,4.0,2.0,,,1.0,1.0,1.0,4.0,2.0,1.0,2.0,,1.0,1.0,1.0,2.0,1.0,1.0,,1.0,,,1.0,,1.0,,,,,,,,,,1.0,,,,2.0,1.0,,1.0,,,,1.0,,,
001_data.txt,11.0,1.0,0.0,1.0,12.0,1.0,2.0,4.0,8.0,29.0,5.0,41.0,4.0,5.0,3.0,2.0,,3.0,1.0,14.0,2.0,,,0.0,1.0,1.0,1.0,2.0,1.0,-1.0,1.0,1.0,1.0,1.0,2.0,1.0,1.0,,1.0,,1.0,1.0,,1.0,,1.0,1.0,1.0,0.0,0.0,0.0,1.0,,1.0,1.0,2.0,1.0,2.0,,,,,,,,,,
026_data.txt,11.0,1.0,2.0,1.0,9.0,1.0,3.0,1.0,4.0,27.0,3.0,68.0,4.0,2.0,4.0,2.0,,1.0,1.0,6.0,,,,2.0,,,4.0,2.0,1.0,2.0,,1.0,,,3.0,1.0,1.0,1.0,1.0,,,1.0,,1.0,1.0,,,1.0,,,,,1.0,1.0,1.0,,,2.0,1.0,,,2.0,,,1.0,,,
025_data.txt,10.0,1.0,-3.0,1.0,15.0,1.0,1.0,-3.0,4.0,27.0,3.0,41.0,4.0,2.0,5.0,2.0,,1.0,1.0,6.0,2.0,,,2.0,,,4.0,2.0,1.0,2.0,,1.0,1.0,,2.0,1.0,1.0,1.0,1.0,3.0,,1.0,,1.0,1.0,,,,,,,,1.0,1.0,,,1.0,1.0,,1.0,,1.0,,,,,,
011_data.txt,11.0,1.0,1.0,1.0,14.0,1.0,3.0,4.0,9.0,27.0,4.0,41.0,4.0,5.0,3.0,1.0,50.0,3.0,1.0,5.0,2.0,,,2.0,1.0,1.0,4.0,2.0,1.0,-1.0,1.0,1.0,1.0,1.0,3.0,1.0,1.0,1.0,1.0,,,,,1.0,,1.0,1.0,1.0,0.0,0.0,0.0,,1.0,1.0,1.0,1.0,1.0,,,1.0,,,,,,2.0,,
036_data.txt,11.0,1.0,3.0,1.0,14.0,1.0,1.0,2.0,7.0,29.0,1.0,44.0,4.0,5.0,6.0,,,3.0,1.0,13.0,,,,2.0,1.0,1.0,3.0,2.0,1.0,2.0,,1.0,1.0,,2.0,1.0,,1.0,1.0,,1.0,,,1.0,,1.0,1.0,,0.0,0.0,0.0,1.0,,1.0,1.0,,1.0,1.0,,,,,,,1.0,,,
087_data.txt,8.0,1.0,15.0,1.0,4.0,1.0,1.0,-1.0,1.0,26.0,,7.0,1.0,1.0,3.0,,,,,,,,,2.0,,,,,1.0,1.0,,,,,,,,,,,,,,1.0,1.0,1.0,,,,,,,,,,1.0,,,,,,,,,,,,
093_data.txt,11.0,1.0,0.0,1.0,12.0,1.0,5.0,6.0,9.0,27.0,4.0,54.0,1.0,6.0,3.0,2.0,45.0,3.0,1.0,7.0,2.0,,1.0,2.0,1.0,1.0,4.0,2.0,1.0,3.0,1.0,1.0,1.0,1.0,,,,1.0,1.0,,1.0,1.0,,1.0,,1.0,1.0,,,,,,1.0,1.0,,,,1.0,,,,2.0,,,,,,
089_data.txt,10.0,1.0,1.0,1.0,8.0,1.0,1.0,-5.0,7.0,27.0,2.0,46.0,4.0,2.0,3.0,2.0,,1.0,1.0,4.0,,,,1.0,,,4.0,2.0,1.0,2.0,,1.0,1.0,,2.0,1.0,,1.0,1.0,,,,,1.0,,1.0,,,,,,,1.0,1.0,,1.0,1.0,2.0,,,,,,,1.0,,1.0,1.0
070_data.txt,10.0,1.0,-3.0,1.0,8.0,1.0,2.0,-2.0,4.0,27.0,7.0,46.0,1.0,2.0,5.0,2.0,,1.0,1.0,2.0,2.0,1.0,1.0,2.0,,,4.0,2.0,1.0,2.0,,1.0,1.0,1.0,,1.0,1.0,1.0,1.0,,,,,1.0,,1.0,,,,,,,1.0,1.0,1.0,1.0,1.0,2.0,1.0,,,,1.0,1.0,,,,
075_data.txt,11.0,1.0,-4.0,1.0,11.0,1.0,3.0,1.0,7.0,29.0,7.0,48.0,4.0,2.0,4.0,1.0,,1.0,1.0,12.0,,,,1.0,,,1.0,2.0,1.0,2.0,,1.0,1.0,1.0,2.0,1.0,1.0,1.0,1.0,,,,,1.0,1.0,,,,,,,,1.0,1.0,1.0,2.0,1.0,2.0,,,,,,,,,,
038_data.txt,10.0,1.0,-2.0,1.0,11.0,1.0,1.0,4.0,5.0,27.0,5.0,40.0,4.0,6.0,3.0,2.0,,3.0,1.0,2.0,2.0,,,2.0,1.0,1.0,4.0,2.0,1.0,4.0,1.0,,1.0,1.0,2.0,,,1.0,1.0,,,1.0,,1.0,1.0,,,,,,,,,,1.0,,1.0,1.0,,,1.0,,,,,1.0,,
009_data.txt,10.0,1.0,1.0,1.0,10.0,1.0,2.0,4.0,4.0,29.0,4.0,28.0,4.0,6.0,3.0,2.0,45.0,3.0,1.0,13.0,2.0,,,1.0,1.0,,1.0,2.0,1.0,2.0,,,1.0,1.0,2.0,,,,1.0,,1.0,1.0,,1.0,,1.0,1.0,,,,,,1.0,1.0,,1.0,,1.0,,,,,,,,,1.0,
013_data.txt,10.0,1.0,-1.0,1.0,10.0,1.0,1.0,5.0,0.0,27.0,4.0,40.0,4.0,4.0,3.0,,,2.0,1.0,10.0,2.0,,,2.0,1.0,1.0,4.0,2.0,1.0,-1.0,1.0,1.0,1.0,1.0,2.0,,1.0,1.0,,3.0,,1.0,,1.0,,1.0,1.0,,,,,,1.0,1.0,1.0,2.0,1.0,1.0,,4.0,,1.0,,,,1.0,,
066_data.txt,11.0,1.0,-1.0,1.0,13.0,1.0,3.0,-9.0,7.0,27.0,4.0,69.0,4.0,2.0,3.0,2.0,,1.0,1.0,2.0,2.0,,,2.0,,,4.0,2.0,1.0,2.0,,1.0,1.0,1.0,3.0,1.0,1.0,1.0,1.0,3.0,,1.0,,1.0,1.0,,,,,,,,1.0,1.0,1.0,2.0,1.0,2.0,,1.0,,,,,,,,
000_data.txt,10.0,1.0,-3.0,1.0,17.0,1.0,4.0,5.0,4.0,27.0,5.0,32.0,3.0,4.0,3.0,,,3.0,1.0,4.0,2.0,,,2.0,1.0,1.0,4.0,2.0,1.0,2.0,,,1.0,1.0,1.0,,1.0,1.0,1.0,,,,,1.0,,1.0,1.0,1.0,0.0,0.0,0.0,1.0,,1.0,1.0,,,1.0,,,1.0,1.0,,,1.0,,,
033_data.txt,11.0,1.0,-5.0,1.0,18.0,1.0,1.0,3.0,8.0,27.0,5.0,40.0,4.0,5.0,3.0,2.0,,3.0,1.0,11.0,2.0,,,2.0,1.0,1.0,4.0,2.0,1.0,2.0,,,1.0,1.0,2.0,,1.0,,1.0,2.0,1.0,1.0,,1.0,,,1.0,,0.0,0.0,0.0,,1.0,1.0,1.0,2.0,1.0,,,4.0,,,1.0,,,,,
031_data.txt,11.0,1.0,0.0,1.0,10.0,1.0,1.0,-4.0,10.0,27.0,6.0,62.0,4.0,2.0,5.0,1.0,,1.0,1.0,5.0,2.0,,,1.0,,,4.0,2.0,1.0,-1.0,1.0,1.0,1.0,1.0,2.0,1.0,1.0,,1.0,,,1.0,,1.0,,,,,,,,,1.0,1.0,1.0,1.0,1.0,2.0,3.0,,,,,,1.0,1.0,1.0,
097_data.txt,11.0,1.0,3.0,1.0,7.0,1.0,2.0,5.0,7.0,29.0,5.0,43.0,4.0,6.0,3.0,2.0,50.0,3.0,1.0,12.0,2.0,,1.0,2.0,1.0,1.0,3.0,2.0,1.0,2.0,,1.0,1.0,1.0,3.0,1.0,1.0,1.0,1.0,,1.0,,,1.0,,,1.0,,,,,,1.0,1.0,1.0,1.0,,2.0,,,1.0,,1.0,,,,,
035_data.txt,9.0,1.0,20.0,1.0,7.0,1.0,1.0,-1.0,2.0,26.0,1.0,4.0,3.0,,3.0,,,,,,,,,2.0,,,,,1.0,-1.0,1.0,,,,1.0,,,1.0,,,,,1.0,1.0,1.0,1.0,,,,,,,,,,,,,2.0,,,,,,,2.0,,
042_data.txt,11.0,1.0,-2.0,1.0,12.0,1.0,2.0,0.0,3.0,27.0,4.0,54.0,4.0,2.0,4.0,1.0,,1.0,1.0,4.0,2.0,,,1.0,,,4.0,2.0,1.0,-1.0,1.0,1.0,1.0,1.0,3.0,1.0,1.0,1.0,1.0,,,1.0,,1.0,,1.0,,,,,,,1.0,1.0,1.0,2.0,,2.0,,,,6.0,,,1.0,,1.0,2.0
022_data.txt,11.0,1.0,1.0,1.0,17.0,1.0,2.0,4.0,4.0,29.0,7.0,62.0,4.0,6.0,4.0,2.0,45.0,3.0,1.0,16.0,2.0,,,1.0,1.0,1.0,3.0,2.0,1.0,2.0,,1.0,1.0,1.0,2.0,1.0,1.0,,1.0,,1.0,,,1.0,,1.0,1.0,,0.0,0.0,0.0,,1.0,1.0,1.0,2.0,1.0,1.0,,,,,,2.0,,,,
071_data.txt,10.0,1.0,4.0,1.0,7.0,1.0,3.0,1.0,5.0,27.0,3.0,45.0,4.0,2.0,3.0,,,1.0,1.0,6.0,,,,1.0,,,4.0,2.0,1.0,4.0,1.0,,,,2.0,1.0,,1.0,1.0,,,1.0,,1.0,,1.0,,,,,,,1.0,1.0,,2.0,1.0,2.0,,,,1.0,,,1.0,1.0,,
073_data.txt,10.0,1.0,13.0,1.0,8.0,1.0,5.0,5.0,10.0,26.0,3.0,33.0,4.0,,4.0,1.0,,,,3.0,,,,1.0,,,1.0,2.0,1.0,2.0,,1.0,,,3.0,,,,,,,1.0,1.0,1.0,,1.0,,,0.0,0.0,0.0,,,1.0,1.0,2.0,1.0,1.0,1.0,,,,,,,,,
